venue,venue_type,year,session,event_type,event_name,timestamp,subject,fps,s3_path
PIT,mlb,2027,2024_03_17_15_18_08,Batting,2024_03_17_16_49_42_University_of_Arizona_11_Emilio_Corona_Home,2024_03_17_16_49_42,University_of_Arizona_11_Emilio_Corona_Home,300,Data/PIT/2027/2024_03_17_15_18_08/Batting/2024_03_17_16_49_42_University_of_Arizona_11_Emilio_Corona_Home
PIT,mlb,2027,2024_03_17_15_18_08,Batting,2024_03_17_17_11_41_Arizona_State_Sun_Devils_9_Kevin_Karstetter_Away,2024_03_17_17_11_41,Arizona_State_Sun_Devils_9_Kevin_Karstetter_Away,300,Data/PIT/2027/2024_03_17_15_18_08/Batting/2024_03_17_17_11_41_Arizona_State_Sun_Devils_9_Kevin_Karstetter_Away
PIT,mlb,2027,2024_03_17_15_18_08,Batting,2024_03_17_18_06_19_University_of_Arizona_7_Richie_Morales_Home,2024_03_17_18_06_19,University_of_Arizona_7_Richie_Morales_Home,300,Data/PIT/2027/2024_03_17_15_18_08/Batting/2024_03_17_18_06_19_University_of_Arizona_7_Richie_Morales_Home
PIT,mlb,2027,2024_03_30_12_19_37,Pitching,2024_03_30_13_07_47_University_of_Arizona_38_Cam_Walty_Home,2024_03_30_13_07_47,University_of_Arizona_38_Cam_Walty_Home,300,Data/PIT/2027/2024_03_30_12_19_37/Pitching/2024_03_30_13_07_47_University_of_Arizona_38_Cam_Walty_Home
PIT,mlb,2027,2024_03_30_12_19_37,Batting,2024_03_30_13_18_04_University_of_Arizona_24_Mason_White_Home,2024_03_30_13_18_04,University_of_Arizona_24_Mason_White_Home,300,Data/PIT/2027/2024_03_30_12_19_37/Batting/2024_03_30_13_18_04_University_of_Arizona_24_Mason_White_Home
PIT,mlb,2027,2024_03_30_12_19_37,Pitching,2024_03_30_13_27_25_UCLA_Bruins_19_Landon_Stump_Away,2024_03_30_13_27_25,UCLA_Bruins_19_Landon_Stump_Away,300,Data/PIT/2027/2024_03_30_12_19_37/Pitching/2024_03_30_13_27_25_UCLA_Bruins_19_Landon_Stump_Away
PIT,mlb,2027,2024_03_30_12_19_37,Batting,2024_03_30_13_28_51_University_of_Arizona_18_Adonys_Guzman_Home,2024_03_30_13_28_51,University_of_Arizona_18_Adonys_Guzman_Home,300,Data/PIT/2027/2024_03_30_12_19_37/Batting/2024_03_30_13_28_51_University_of_Arizona_18_Adonys_Guzman_Home
PIT,mlb,2027,2024_03_30_12_19_37,Pitching,2024_03_30_15_50_18_University_of_Arizona_51_Trevor_Long_Home,2024_03_30_15_50_18,University_of_Arizona_51_Trevor_Long_Home,300,Data/PIT/2027/2024_03_30_12_19_37/Pitching/2024_03_30_15_50_18_University_of_Arizona_51_Trevor_Long_Home
PIT,mlb,2027,2024_03_30_12_19_37,Batting,2024_03_30_15_55_08_UCLA_Bruins_24_Malakhi_Knight_Away,2024_03_30_15_55_08,UCLA_Bruins_24_Malakhi_Knight_Away,300,Data/PIT/2027/2024_03_30_12_19_37/Batting/2024_03_30_15_55_08_UCLA_Bruins_24_Malakhi_Knight_Away
PIT,mlb,2027,2024_03_30_12_19_37,Pitching,2024_03_30_16_31_32_UCLA_Bruins_50_Rashad_Ruff_Away,2024_03_30_16_31_32,UCLA_Bruins_50_Rashad_Ruff_Away,300,Data/PIT/2027/2024_03_30_12_19_37/Pitching/2024_03_30_16_31_32_UCLA_Bruins_50_Rashad_Ruff_Away
PIT,mlb,2027,2024_03_30_12_19_37,Batting,2024_03_30_17_19_38_University_of_Arizona_2_Blake_McDonald_Home,2024_03_30_17_19_38,University_of_Arizona_2_Blake_McDonald_Home,300,Data/PIT/2027/2024_03_30_12_19_37/Batting/2024_03_30_17_19_38_University_of_Arizona_2_Blake_McDonald_Home
OAK,mlb,2024,2024_04_29_18_17_53,Pitching,2024_04_29_19_13_34_Oakland_Athletics_35_Joe_Boyle_Home,2024_04_29_19_13_34,Oakland_Athletics_35_Joe_Boyle_Home,300,Data/OAK/2024/2024_04_29_18_17_53/Pitching/2024_04_29_19_13_34_Oakland_Athletics_35_Joe_Boyle_Home
OAK,mlb,2024,2024_04_29_18_17_53,Pitching,2024_04_29_19_32_18_Oakland_Athletics_35_Joe_Boyle_Home,2024_04_29_19_32_18,Oakland_Athletics_35_Joe_Boyle_Home,300,Data/OAK/2024/2024_04_29_18_17_53/Pitching/2024_04_29_19_32_18_Oakland_Athletics_35_Joe_Boyle_Home
OAK,mlb,2024,2024_04_29_18_17_53,Batting,2024_04_29_19_40_31_Oakland_Athletics_12_Max_Schuemann_Home,2024_04_29_19_40_31,Oakland_Athletics_12_Max_Schuemann_Home,300,Data/OAK/2024/2024_04_29_18_17_53/Batting/2024_04_29_19_40_31_Oakland_Athletics_12_Max_Schuemann_Home
OAK,mlb,2024,2024_04_29_18_17_53,Batting,2024_04_29_19_45_29_Pittsburgh_Pirates_14_Joey_Bart_Away,2024_04_29_19_45_29,Pittsburgh_Pirates_14_Joey_Bart_Away,300,Data/OAK/2024/2024_04_29_18_17_53/Batting/2024_04_29_19_45_29_Pittsburgh_Pirates_14_Joey_Bart_Away
OAK,mlb,2024,2024_04_29_18_17_53,Pitching,2024_04_29_20_09_08_Pittsburgh_Pirates_59_Roansy_Contreras_Away,2024_04_29_20_09_08,Pittsburgh_Pirates_59_Roansy_Contreras_Away,300,Data/OAK/2024/2024_04_29_18_17_53/Pitching/2024_04_29_20_09_08_Pittsburgh_Pirates_59_Roansy_Contreras_Away
OAK,mlb,2024,2024_04_29_18_17_53,Pitching,2024_04_29_20_19_04_Oakland_Athletics_56_Dany_Jimenez_Home,2024_04_29_20_19_04,Oakland_Athletics_56_Dany_Jimenez_Home,300,Data/OAK/2024/2024_04_29_18_17_53/Pitching/2024_04_29_20_19_04_Oakland_Athletics_56_Dany_Jimenez_Home
OAK,mlb,2024,2024_04_29_18_17_53,Batting,2024_04_29_20_26_42_Oakland_Athletics_1_Esteury_Ruiz_Home,2024_04_29_20_26_42,Oakland_Athletics_1_Esteury_Ruiz_Home,300,Data/OAK/2024/2024_04_29_18_17_53/Batting/2024_04_29_20_26_42_Oakland_Athletics_1_Esteury_Ruiz_Home
OAK,mlb,2024,2024_04_29_18_17_53,Batting,2024_04_29_20_54_48_Pittsburgh_Pirates_10_Bryan_Reynolds_Away,2024_04_29_20_54_48,Pittsburgh_Pirates_10_Bryan_Reynolds_Away,300,Data/OAK/2024/2024_04_29_18_17_53/Batting/2024_04_29_20_54_48_Pittsburgh_Pirates_10_Bryan_Reynolds_Away
OAK,mlb,2024,2024_05_22_18_29_10,Batting,2024_05_22_19_01_29_Colorado_Rockies_19_Charlie_Blackmon_Away,2024_05_22_19_01_29,Colorado_Rockies_19_Charlie_Blackmon_Away,300,Data/OAK/2024/2024_05_22_18_29_10/Batting/2024_05_22_19_01_29_Colorado_Rockies_19_Charlie_Blackmon_Away
OAK,mlb,2024,2024_05_22_18_29_10,Batting,2024_05_22_20_50_56_Oakland_Athletics_5_JD_Davis_Home,2024_05_22_20_50_56,Oakland_Athletics_5_JD_Davis_Home,300,Data/OAK/2024/2024_05_22_18_29_10/Batting/2024_05_22_20_50_56_Oakland_Athletics_5_JD_Davis_Home
OAK,mlb,2024,2024_05_22_18_29_10,Batting,2024_05_22_20_57_27_Colorado_Rockies_7_Brendan_Rodgers_Away,2024_05_22_20_57_27,Colorado_Rockies_7_Brendan_Rodgers_Away,300,Data/OAK/2024/2024_05_22_18_29_10/Batting/2024_05_22_20_57_27_Colorado_Rockies_7_Brendan_Rodgers_Away
RUP,collegiate,2025,2025_01_30_16_10_51,Pitching,2025_01_30_16_16_14_Rice_Pitching_Lab_30_Jake_Mader-Cooper_Home,2025_01_30_16_16_14,Rice_Pitching_Lab_30_Jake_Mader-Cooper_Home,300,Data/RUP/2025/2025_01_30_16_10_51/Pitching/2025_01_30_16_16_14_Rice_Pitching_Lab_30_Jake_Mader-Cooper_Home
RUP,collegiate,2025,2025_01_30_16_10_51,Pitching,2025_01_30_16_16_30_Rice_Pitching_Lab_30_Jake_Mader-Cooper_Home,2025_01_30_16_16_30,Rice_Pitching_Lab_30_Jake_Mader-Cooper_Home,300,Data/RUP/2025/2025_01_30_16_10_51/Pitching/2025_01_30_16_16_30_Rice_Pitching_Lab_30_Jake_Mader-Cooper_Home
TEX,collegiate,2025,2025_02_21_18_49_47,Batting,2025_02_21_20_04_33_Arkansas_Razorbacks_24_Charles_Davalan_Home,2025_02_21_20_04_33,Arkansas_Razorbacks_24_Charles_Davalan_Home,300,Data/TEX/2025/2025_02_21_18_49_47/Batting/2025_02_21_20_04_33_Arkansas_Razorbacks_24_Charles_Davalan_Home
TEX,collegiate,2025,2025_02_21_18_49_47,Batting,2025_02_21_20_37_32_Arkansas_Razorbacks_4_Justin_Thomas_Home,2025_02_21_20_37_32,Arkansas_Razorbacks_4_Justin_Thomas_Home,300,Data/TEX/2025/2025_02_21_18_49_47/Batting/2025_02_21_20_37_32_Arkansas_Razorbacks_4_Justin_Thomas_Home
TEX,collegiate,2025,2025_02_21_18_49_47,Batting,2025_02_21_21_20_15_Arkansas_Razorbacks_9_Wehiwa_Aloy_Home,2025_02_21_21_20_15,Arkansas_Razorbacks_9_Wehiwa_Aloy_Home,300,Data/TEX/2025/2025_02_21_18_49_47/Batting/2025_02_21_21_20_15_Arkansas_Razorbacks_9_Wehiwa_Aloy_Home
TEX,collegiate,2025,2025_03_02_10_53_23,Batting,2025_03_02_11_41_00_Ohio_State_Buckeyes_16_Mason_Eckelman_Home,2025_03_02_11_41_00,Ohio_State_Buckeyes_16_Mason_Eckelman_Home,300,Data/TEX/2025/2025_03_02_10_53_23/Batting/2025_03_02_11_41_00_Ohio_State_Buckeyes_16_Mason_Eckelman_Home
TEX,collegiate,2025,2025_03_02_10_53_23,Batting,2025_03_02_12_14_33_Ohio_State_Buckeyes_11_Marc_Stephens_Home,2025_03_02_12_14_33,Ohio_State_Buckeyes_11_Marc_Stephens_Home,300,Data/TEX/2025/2025_03_02_10_53_23/Batting/2025_03_02_12_14_33_Ohio_State_Buckeyes_11_Marc_Stephens_Home
TEX,collegiate,2025,2025_03_02_10_53_23,Batting,2025_03_02_12_36_22_Ohio_State_Buckeyes_2_Trey_Lipsey_Home,2025_03_02_12_36_22,Ohio_State_Buckeyes_2_Trey_Lipsey_Home,300,Data/TEX/2025/2025_03_02_10_53_23/Batting/2025_03_02_12_36_22_Ohio_State_Buckeyes_2_Trey_Lipsey_Home
TEX,collegiate,2025,2025_03_02_10_53_23,Batting,2025_03_02_13_07_51_Ohio_State_Buckeyes_11_Marc_Stephens_Home,2025_03_02_13_07_51,Ohio_State_Buckeyes_11_Marc_Stephens_Home,300,Data/TEX/2025/2025_03_02_10_53_23/Batting/2025_03_02_13_07_51_Ohio_State_Buckeyes_11_Marc_Stephens_Home
TBR,mlb,2025,2025_03_26_16_22_45,Batting,2025_03_26_16_54_20_Tampa_Bay_Rays_8_Brandon_Lowe_Home,2025_03_26_16_54_20,Tampa_Bay_Rays_8_Brandon_Lowe_Home,300,Data/TBR/2025/2025_03_26_16_22_45/Batting/2025_03_26_16_54_20_Tampa_Bay_Rays_8_Brandon_Lowe_Home
TBR,mlb,2025,2025_03_26_16_22_45,Batting,2025_03_26_17_21_11_Tampa_Bay_Rays_19_Danny_Jansen_Home,2025_03_26_17_21_11,Tampa_Bay_Rays_19_Danny_Jansen_Home,300,Data/TBR/2025/2025_03_26_16_22_45/Batting/2025_03_26_17_21_11_Tampa_Bay_Rays_19_Danny_Jansen_Home
TBR,mlb,2025,2025_03_26_16_22_45,Batting,2025_03_26_17_27_16_Tampa_Bay_Rays_2_Yandy_Diaz_Home,2025_03_26_17_27_16,Tampa_Bay_Rays_2_Yandy_Diaz_Home,300,Data/TBR/2025/2025_03_26_16_22_45/Batting/2025_03_26_17_27_16_Tampa_Bay_Rays_2_Yandy_Diaz_Home
TBR,mlb,2025,2025_03_26_16_22_45,Batting,2025_03_26_17_39_08_Tampa_Bay_Rays_6_Taylor_Walls_Home,2025_03_26_17_39_08,Tampa_Bay_Rays_6_Taylor_Walls_Home,300,Data/TBR/2025/2025_03_26_16_22_45/Batting/2025_03_26_17_39_08_Tampa_Bay_Rays_6_Taylor_Walls_Home
SEA,mlb,2025,2025_03_27_12_16_20,Batting,2025_03_27_19_18_20_Seattle_Mariners_10_Victor_Robles_Home,2025_03_27_19_18_20,Seattle_Mariners_10_Victor_Robles_Home,300,Data/SEA/2025/2025_03_27_12_16_20/Batting/2025_03_27_19_18_20_Seattle_Mariners_10_Victor_Robles_Home
SEA,mlb,2025,2025_03_27_12_16_20,Batting,2025_03_27_19_18_49_Seattle_Mariners_44_Julio_Rodriguez_Home,2025_03_27_19_18_49,Seattle_Mariners_44_Julio_Rodriguez_Home,300,Data/SEA/2025/2025_03_27_12_16_20/Batting/2025_03_27_19_18_49_Seattle_Mariners_44_Julio_Rodriguez_Home
SEA,mlb,2025,2025_03_27_12_16_20,Batting,2025_03_27_19_21_16_Seattle_Mariners_29_Cal_Raleigh_Home,2025_03_27_19_21_16,Seattle_Mariners_29_Cal_Raleigh_Home,300,Data/SEA/2025/2025_03_27_12_16_20/Batting/2025_03_27_19_21_16_Seattle_Mariners_29_Cal_Raleigh_Home
SEA,mlb,2025,2025_03_27_12_16_20,Batting,2025_03_27_19_22_55_Seattle_Mariners_56_Randy_Arozarena_Home,2025_03_27_19_22_55,Seattle_Mariners_56_Randy_Arozarena_Home,300,Data/SEA/2025/2025_03_27_12_16_20/Batting/2025_03_27_19_22_55_Seattle_Mariners_56_Randy_Arozarena_Home
SEA,mlb,2025,2025_03_27_12_16_20,Batting,2025_03_27_19_32_26_Seattle_Mariners_7_Jorge_Polanco_Home,2025_03_27_19_32_26,Seattle_Mariners_7_Jorge_Polanco_Home,300,Data/SEA/2025/2025_03_27_12_16_20/Batting/2025_03_27_19_32_26_Seattle_Mariners_7_Jorge_Polanco_Home
SEA,mlb,2025,2025_03_27_12_16_20,Batting,2025_03_27_21_12_10_Seattle_Mariners_20_Luke_Raley_Home,2025_03_27_21_12_10,Seattle_Mariners_20_Luke_Raley_Home,300,Data/SEA/2025/2025_03_27_12_16_20/Batting/2025_03_27_21_12_10_Seattle_Mariners_20_Luke_Raley_Home
SEA,mlb,2025,2025_03_27_12_16_20,Batting,2025_03_27_21_19_38_Seattle_Mariners_23_Rowdy_Tellez_Home,2025_03_27_21_19_38,Seattle_Mariners_23_Rowdy_Tellez_Home,300,Data/SEA/2025/2025_03_27_12_16_20/Batting/2025_03_27_21_19_38_Seattle_Mariners_23_Rowdy_Tellez_Home
SEA,mlb,2025,2025_03_27_12_16_20,Batting,2025_03_27_21_20_46_Seattle_Mariners_1_Ryan_Bliss_Home,2025_03_27_21_20_46,Seattle_Mariners_1_Ryan_Bliss_Home,300,Data/SEA/2025/2025_03_27_12_16_20/Batting/2025_03_27_21_20_46_Seattle_Mariners_1_Ryan_Bliss_Home
CIN,mlb,2025,2025_04_02_11_18_30,Batting,2025_04_02_13_11_07_Texas_Rangers_20_Ezequiel_Duran_ALT2,2025_04_02_13_11_07,Texas_Rangers_20_Ezequiel_Duran_ALT2,300,Data/CIN/2025/2025_04_02_11_18_30/Batting/2025_04_02_13_11_07_Texas_Rangers_20_Ezequiel_Duran_ALT2
CIN,mlb,2025,2025_04_02_11_18_30,Batting,2025_04_02_13_43_30_Texas_Rangers_20_Ezequiel_Duran_ALT2,2025_04_02_13_43_30,Texas_Rangers_20_Ezequiel_Duran_ALT2,300,Data/CIN/2025/2025_04_02_11_18_30/Batting/2025_04_02_13_43_30_Texas_Rangers_20_Ezequiel_Duran_ALT2
CIN,mlb,2025,2025_04_02_11_18_30,Batting,2025_04_02_13_56_10_Texas_Rangers_53_Adolis_Garcia_ALT2,2025_04_02_13_56_10,Texas_Rangers_53_Adolis_Garcia_ALT2,300,Data/CIN/2025/2025_04_02_11_18_30/Batting/2025_04_02_13_56_10_Texas_Rangers_53_Adolis_Garcia_ALT2
PHI,mlb,2025,2025_04_05_15_06_27,Batting,2025_04_05_16_21_18_Philadelphia_Phillies_17_Max_Kepler_ALT1,2025_04_05_16_21_18,Philadelphia_Phillies_17_Max_Kepler_ALT1,600,Data/PHI/2025/2025_04_05_15_06_27/Batting/2025_04_05_16_21_18_Philadelphia_Phillies_17_Max_Kepler_ALT1
PHI,mlb,2025,2025_04_05_15_06_27,Batting,2025_04_05_16_25_17_Los_Angeles_Dodgers_13_Max_Muncy_ALT,2025_04_05_16_25_17,Los_Angeles_Dodgers_13_Max_Muncy_ALT,600,Data/PHI/2025/2025_04_05_15_06_27/Batting/2025_04_05_16_25_17_Los_Angeles_Dodgers_13_Max_Muncy_ALT
PHI,mlb,2025,2025_04_05_15_06_27,Batting,2025_04_05_17_11_25_Philadelphia_Phillies_8_Nick_Castellanos_ALT1,2025_04_05_17_11_25,Philadelphia_Phillies_8_Nick_Castellanos_ALT1,600,Data/PHI/2025/2025_04_05_15_06_27/Batting/2025_04_05_17_11_25_Philadelphia_Phillies_8_Nick_Castellanos_ALT1
NYM,mlb,2025,2025_04_06_13_17_24,Batting,2025_04_06_13_58_25_Toronto_Blue_Jays_22_Ernie_Clement_Home,2025_04_06_13_58_25,Toronto_Blue_Jays_22_Ernie_Clement_Home,300,Data/NYM/2025/2025_04_06_13_17_24/Batting/2025_04_06_13_58_25_Toronto_Blue_Jays_22_Ernie_Clement_Home
NYM,mlb,2025,2025_04_06_13_17_24,Batting,2025_04_06_14_02_33_Toronto_Blue_Jays_55_Tyler_Heineman_Home,2025_04_06_14_02_33,Toronto_Blue_Jays_55_Tyler_Heineman_Home,300,Data/NYM/2025/2025_04_06_13_17_24/Batting/2025_04_06_14_02_33_Toronto_Blue_Jays_55_Tyler_Heineman_Home
NYM,mlb,2025,2025_04_06_13_17_24,Batting,2025_04_06_14_41_13_New_York_Mets_27_Mark_Vientos_Home,2025_04_06_14_41_13,New_York_Mets_27_Mark_Vientos_Home,300,Data/NYM/2025/2025_04_06_13_17_24/Batting/2025_04_06_14_41_13_New_York_Mets_27_Mark_Vientos_Home
NYM,mlb,2025,2025_04_06_13_17_24,Batting,2025_04_06_14_56_57_Toronto_Blue_Jays_25_Anthony_Santander_Home,2025_04_06_14_56_57,Toronto_Blue_Jays_25_Anthony_Santander_Home,300,Data/NYM/2025/2025_04_06_13_17_24/Batting/2025_04_06_14_56_57_Toronto_Blue_Jays_25_Anthony_Santander_Home
APP,collegiate,2025,2025_04_08_12_20_25,Pitching,2025_04_08_12_45_06_Appalachian_State_Baseball_37_Caleb_Cross_Home,2025_04_08_12_45_06,Appalachian_State_Baseball_37_Caleb_Cross_Home,300,Data/APP/2025/2025_04_08_12_20_25/Pitching/2025_04_08_12_45_06_Appalachian_State_Baseball_37_Caleb_Cross_Home
APP,collegiate,2025,2025_04_08_12_20_25,Pitching,2025_04_08_12_45_42_Appalachian_State_Baseball_37_Caleb_Cross_Home,2025_04_08_12_45_42,Appalachian_State_Baseball_37_Caleb_Cross_Home,300,Data/APP/2025/2025_04_08_12_20_25/Pitching/2025_04_08_12_45_42_Appalachian_State_Baseball_37_Caleb_Cross_Home
APP,collegiate,2025,2025_04_08_12_20_25,Pitching,2025_04_08_12_49_00_Appalachian_State_Baseball_37_Caleb_Cross_Home,2025_04_08_12_49_00,Appalachian_State_Baseball_37_Caleb_Cross_Home,300,Data/APP/2025/2025_04_08_12_20_25/Pitching/2025_04_08_12_49_00_Appalachian_State_Baseball_37_Caleb_Cross_Home
APP,collegiate,2025,2025_04_08_12_20_25,Pitching,2025_04_08_12_50_12_Appalachian_State_Baseball_37_Caleb_Cross_Home,2025_04_08_12_50_12,Appalachian_State_Baseball_37_Caleb_Cross_Home,300,Data/APP/2025/2025_04_08_12_20_25/Pitching/2025_04_08_12_50_12_Appalachian_State_Baseball_37_Caleb_Cross_Home
SEA,mlb,2025,2025_04_11_18_15_08,Batting,2025_04_11_18_58_46_Seattle_Mariners_29_Cal_Raleigh_Home,2025_04_11_18_58_46,Seattle_Mariners_29_Cal_Raleigh_Home,300,Data/SEA/2025/2025_04_11_18_15_08/Batting/2025_04_11_18_58_46_Seattle_Mariners_29_Cal_Raleigh_Home
SEA,mlb,2025,2025_04_11_18_15_08,Batting,2025_04_11_19_12_21_Seattle_Mariners_20_Luke_Raley_Home,2025_04_11_19_12_21,Seattle_Mariners_20_Luke_Raley_Home,300,Data/SEA/2025/2025_04_11_18_15_08/Batting/2025_04_11_19_12_21_Seattle_Mariners_20_Luke_Raley_Home
SEA,mlb,2025,2025_04_11_18_15_08,Batting,2025_04_11_21_09_01_Texas_Rangers_28_Jonah_Heim_Home,2025_04_11_21_09_01,Texas_Rangers_28_Jonah_Heim_Home,300,Data/SEA/2025/2025_04_11_18_15_08/Batting/2025_04_11_21_09_01_Texas_Rangers_28_Jonah_Heim_Home
TBR,mlb,2025,2025_04_30_17_15_31,Batting,2025_04_30_20_17_04_Kansas_City_Royals_8_Drew_Waters_Away,2025_04_30_20_17_04,Kansas_City_Royals_8_Drew_Waters_Away,300,Data/TBR/2025/2025_04_30_17_15_31/Batting/2025_04_30_20_17_04_Kansas_City_Royals_8_Drew_Waters_Away
TBR,mlb,2025,2025_04_30_17_15_31,Batting,2025_04_30_21_27_21_Tampa_Bay_Rays_14_Chandler_Simpson_Home,2025_04_30_21_27_21,Tampa_Bay_Rays_14_Chandler_Simpson_Home,300,Data/TBR/2025/2025_04_30_17_15_31/Batting/2025_04_30_21_27_21_Tampa_Bay_Rays_14_Chandler_Simpson_Home
TEN,collegiate,2025,2025_05_04_14_52_34,Batting,2025_05_04_15_21_23_Rocket_City_Trash_Pandas__24_Cole_Fontenelle_Away,2025_05_04_15_21_23,Rocket_City_Trash_Pandas__24_Cole_Fontenelle_Away,600,Data/TEN/2025/2025_05_04_14_52_34/Batting/2025_05_04_15_21_23_Rocket_City_Trash_Pandas__24_Cole_Fontenelle_Away
TEN,collegiate,2025,2025_05_04_14_52_34,Batting,2025_05_04_16_56_46_Knoxville_Smokies_9_Ethan_Hearn_Home,2025_05_04_16_56_46,Knoxville_Smokies_9_Ethan_Hearn_Home,600,Data/TEN/2025/2025_05_04_14_52_34/Batting/2025_05_04_16_56_46_Knoxville_Smokies_9_Ethan_Hearn_Home
TEN,collegiate,2025,2025_05_04_14_52_34,Batting,2025_05_04_16_57_46_Knoxville_Smokies_6_Jaylen_Palmer_Home,2025_05_04_16_57_46,Knoxville_Smokies_6_Jaylen_Palmer_Home,600,Data/TEN/2025/2025_05_04_14_52_34/Batting/2025_05_04_16_57_46_Knoxville_Smokies_6_Jaylen_Palmer_Home
TEN,collegiate,2025,2025_05_04_14_52_34,Batting,2025_05_04_17_09_03_Rocket_City_Trash_Pandas__11_Denzer_Guzman_Away,2025_05_04_17_09_03,Rocket_City_Trash_Pandas__11_Denzer_Guzman_Away,600,Data/TEN/2025/2025_05_04_14_52_34/Batting/2025_05_04_17_09_03_Rocket_City_Trash_Pandas__11_Denzer_Guzman_Away
PHI,mlb,2025,2025_05_16_17_36_47,Batting,2025_05_16_20_38_43_Philadelphia_Phillies_7_Trea_Turner_ALT3,2025_05_16_20_38_43,Philadelphia_Phillies_7_Trea_Turner_ALT3,600,Data/PHI/2025/2025_05_16_17_36_47/Batting/2025_05_16_20_38_43_Philadelphia_Phillies_7_Trea_Turner_ALT3
PHI,mlb,2025,2025_05_16_17_36_47,Batting,2025_05_16_21_32_36_Philadelphia_Phillies_10_JT_Realmuto_ALT3,2025_05_16_21_32_36,Philadelphia_Phillies_10_JT_Realmuto_ALT3,600,Data/PHI/2025/2025_05_16_17_36_47/Batting/2025_05_16_21_32_36_Philadelphia_Phillies_10_JT_Realmuto_ALT3
PHI,mlb,2025,2025_05_16_17_36_47,Batting,2025_05_16_23_09_35_Pittsburgh_Pirates_29_Alexander_Canario_Away,2025_05_16_23_09_35,Pittsburgh_Pirates_29_Alexander_Canario_Away,600,Data/PHI/2025/2025_05_16_17_36_47/Batting/2025_05_16_23_09_35_Pittsburgh_Pirates_29_Alexander_Canario_Away
PHI,mlb,2025,2025_05_16_17_36_47,Batting,2025_05_16_23_16_39_Pittsburgh_Pirates_62_Matt_Gorski_Away,2025_05_16_23_16_39,Pittsburgh_Pirates_62_Matt_Gorski_Away,600,Data/PHI/2025/2025_05_16_17_36_47/Batting/2025_05_16_23_16_39_Pittsburgh_Pirates_62_Matt_Gorski_Away
TEN,collegiate,2025,2025_05_17_17_09_31,Batting,2025_05_17_20_11_50_Columbus_Clingstones_9_Kevin_Kilpatrick_Jr_Road,2025_05_17_20_11_50,Columbus_Clingstones_9_Kevin_Kilpatrick_Jr_Road,600,Data/TEN/2025/2025_05_17_17_09_31/Batting/2025_05_17_20_11_50_Columbus_Clingstones_9_Kevin_Kilpatrick_Jr_Road
TEN,collegiate,2025,2025_05_17_17_09_31,Batting,2025_05_17_20_31_58_Columbus_Clingstones_7_Ethan_Workinger_Road,2025_05_17_20_31_58,Columbus_Clingstones_7_Ethan_Workinger_Road,600,Data/TEN/2025/2025_05_17_17_09_31/Batting/2025_05_17_20_31_58_Columbus_Clingstones_7_Ethan_Workinger_Road
TEN,collegiate,2025,2025_05_17_17_09_31,Batting,2025_05_17_21_28_35_Columbus_Clingstones_34_Adam_Zebrowski_Road,2025_05_17_21_28_35,Columbus_Clingstones_34_Adam_Zebrowski_Road,600,Data/TEN/2025/2025_05_17_17_09_31/Batting/2025_05_17_21_28_35_Columbus_Clingstones_34_Adam_Zebrowski_Road
CIN,mlb,2025,2025_06_19_11_21_35,Batting,2025_06_19_13_44_59_Minnesota_Twins_50_Willi_Castro_Home,2025_06_19_13_44_59,Minnesota_Twins_50_Willi_Castro_Home,300,Data/CIN/2025/2025_06_19_11_21_35/Batting/2025_06_19_13_44_59_Minnesota_Twins_50_Willi_Castro_Home
CIN,mlb,2025,2025_06_19_11_21_35,Batting,2025_06_19_13_57_17_Minnesota_Twins_2_Brooks_Lee_Home,2025_06_19_13_57_17,Minnesota_Twins_2_Brooks_Lee_Home,300,Data/CIN/2025/2025_06_19_11_21_35/Batting/2025_06_19_13_57_17_Minnesota_Twins_2_Brooks_Lee_Home
CIN,mlb,2025,2025_06_19_11_21_35,Batting,2025_06_19_14_49_40_Minnesota_Twins_9_Trevor_Larnach_Home,2025_06_19_14_49_40,Minnesota_Twins_9_Trevor_Larnach_Home,300,Data/CIN/2025/2025_06_19_11_21_35/Batting/2025_06_19_14_49_40_Minnesota_Twins_9_Trevor_Larnach_Home
CIN,mlb,2025,2025_06_19_11_21_35,Batting,2025_06_19_15_42_12_Cincinnati_Reds_9_Matt_McLain_Home,2025_06_19_15_42_12,Cincinnati_Reds_9_Matt_McLain_Home,300,Data/CIN/2025/2025_06_19_11_21_35/Batting/2025_06_19_15_42_12_Cincinnati_Reds_9_Matt_McLain_Home
NYM,mlb,2025,2025_08_31_13_18_43,Batting,2025_08_31_14_28_03_New_York_Mets_28_Cedric_Mullins_Home,2025_08_31_14_28_03,New_York_Mets_28_Cedric_Mullins_Home,300,Data/NYM/2025/2025_08_31_13_18_43/Batting/2025_08_31_14_28_03_New_York_Mets_28_Cedric_Mullins_Home
NYM,mlb,2025,2025_08_31_13_18_43,Batting,2025_08_31_15_24_31_New_York_Mets_9_Brandon_Nimmo_Home,2025_08_31_15_24_31,New_York_Mets_9_Brandon_Nimmo_Home,300,Data/NYM/2025/2025_08_31_13_18_43/Batting/2025_08_31_15_24_31_New_York_Mets_9_Brandon_Nimmo_Home
NYM,mlb,2025,2025_08_31_13_18_43,Batting,2025_08_31_15_29_00_New_York_Mets_20_Pete_Alonso_Home,2025_08_31_15_29_00,New_York_Mets_20_Pete_Alonso_Home,300,Data/NYM/2025/2025_08_31_13_18_43/Batting/2025_08_31_15_29_00_New_York_Mets_20_Pete_Alonso_Home
CGL,collegiate,2025,2025_09_12_09_12_04,Batting,2025_09_12_10_07_15_Cincinnati_Reds_17_Alexander_Vargas_Home,2025_09_12_10_07_15,Cincinnati_Reds_17_Alexander_Vargas_Home,300,Data/CGL/2025/2025_09_12_09_12_04/Batting/2025_09_12_10_07_15_Cincinnati_Reds_17_Alexander_Vargas_Home
CGL,collegiate,2025,2025_09_12_09_12_04,Batting,2025_09_12_10_15_44_Cincinnati_Reds_17_Alexander_Vargas_Home,2025_09_12_10_15_44,Cincinnati_Reds_17_Alexander_Vargas_Home,300,Data/CGL/2025/2025_09_12_09_12_04/Batting/2025_09_12_10_15_44_Cincinnati_Reds_17_Alexander_Vargas_Home
CGL,collegiate,2025,2025_09_12_09_12_04,Batting,2025_09_12_10_18_53_Cincinnati_Reds_17_Alexander_Vargas_Home,2025_09_12_10_18_53,Cincinnati_Reds_17_Alexander_Vargas_Home,300,Data/CGL/2025/2025_09_12_09_12_04/Batting/2025_09_12_10_18_53_Cincinnati_Reds_17_Alexander_Vargas_Home
CLE,mlb,2025,2025_09_23_17_00_10,Batting,2025_09_23_19_23_24_Detroit_Tigers_30_Kerry_Carpenter_Away,2025_09_23_19_23_24,Detroit_Tigers_30_Kerry_Carpenter_Away,300,Data/CLE/2025/2025_09_23_17_00_10/Batting/2025_09_23_19_23_24_Detroit_Tigers_30_Kerry_Carpenter_Away
CLE,mlb,2025,2025_09_23_17_00_10,Batting,2025_09_23_20_14_45_Cleveland_Guardians_35_George_Valera_Away,2025_09_23_20_14_45,Cleveland_Guardians_35_George_Valera_Away,300,Data/CLE/2025/2025_09_23_17_00_10/Batting/2025_09_23_20_14_45_Cleveland_Guardians_35_George_Valera_Away
CLE,mlb,2025,2025_09_23_17_00_10,Batting,2025_09_23_20_48_51_Detroit_Tigers_25_Gleyber_Torres_Away,2025_09_23_20_48_51,Detroit_Tigers_25_Gleyber_Torres_Away,300,Data/CLE/2025/2025_09_23_17_00_10/Batting/2025_09_23_20_48_51_Detroit_Tigers_25_Gleyber_Torres_Away
CLE,mlb,2025,2025_09_26_18_04_13,Batting,2025_09_26_19_57_05_Texas_Rangers_6_Josh_Jung_Away,2025_09_26_19_57_05,Texas_Rangers_6_Josh_Jung_Away,600,Data/CLE/2025/2025_09_26_18_04_13/Batting/2025_09_26_19_57_05_Texas_Rangers_6_Josh_Jung_Away
CLE,mlb,2025,2025_09_26_18_04_13,Batting,2025_09_26_20_18_49_Texas_Rangers_24_Michael_Helman_Away,2025_09_26_20_18_49,Texas_Rangers_24_Michael_Helman_Away,600,Data/CLE/2025/2025_09_26_18_04_13/Batting/2025_09_26_20_18_49_Texas_Rangers_24_Michael_Helman_Away
CLE,mlb,2025,2025_09_26_18_04_13,Batting,2025_09_26_21_24_54_Texas_Rangers_33_Billy_McKinney_Away,2025_09_26_21_24_54,Texas_Rangers_33_Billy_McKinney_Away,600,Data/CLE/2025/2025_09_26_18_04_13/Batting/2025_09_26_21_24_54_Texas_Rangers_33_Billy_McKinney_Away
CLE,mlb,2025,2025_09_26_18_04_13,Batting,2025_09_26_21_47_41_Cleveland_Guardians_9_Kyle_Manzardo_Away,2025_09_26_21_47_41,Cleveland_Guardians_9_Kyle_Manzardo_Away,600,Data/CLE/2025/2025_09_26_18_04_13/Batting/2025_09_26_21_47_41_Cleveland_Guardians_9_Kyle_Manzardo_Away
RAL,mlb,2025,2025_10_15_07_44_21,Pitching,2025_10_15_08_42_50_AZ_Performance_Center_0_Brandon_Enders_Home,2025_10_15_08_42_50,AZ_Performance_Center_0_Brandon_Enders_Home,300,Data/RAL/2025/2025_10_15_07_44_21/Pitching/2025_10_15_08_42_50_AZ_Performance_Center_0_Brandon_Enders_Home
RAL,mlb,2025,2025_10_15_07_44_21,Pitching,2025_10_15_08_55_32_AZ_Performance_Center_0_Tyler_Johnson_Home,2025_10_15_08_55_32,AZ_Performance_Center_0_Tyler_Johnson_Home,300,Data/RAL/2025/2025_10_15_07_44_21/Pitching/2025_10_15_08_55_32_AZ_Performance_Center_0_Tyler_Johnson_Home
RAL,mlb,2025,2025_10_15_07_44_21,Pitching,2025_10_15_08_56_56_AZ_Performance_Center_0_Tyler_Johnson_Home,2025_10_15_08_56_56,AZ_Performance_Center_0_Tyler_Johnson_Home,300,Data/RAL/2025/2025_10_15_07_44_21/Pitching/2025_10_15_08_56_56_AZ_Performance_Center_0_Tyler_Johnson_Home
ARZ,mlb,2026,2026_01_07_09_29_19,Batting,2026_01_07_10_06_31_Chicago_Cubs_4_Pete_Crow-Armstrong_Home,2026_01_07_10_06_31,Chicago_Cubs_4_Pete_Crow-Armstrong_Home,600,Data/ARZ/2026/2026_01_07_09_29_19/Batting/2026_01_07_10_06_31_Chicago_Cubs_4_Pete_Crow-Armstrong_Home
CGL,collegiate,2026,2026_01_07_08_16_07,Batting,2026_01_07_10_10_25_MiLB_Spring_Training_16_Dominic_Pitelli_home,2026_01_07_10_10_25,MiLB_Spring_Training_16_Dominic_Pitelli_home,300,Data/CGL/2026/2026_01_07_08_16_07/Batting/2026_01_07_10_10_25_MiLB_Spring_Training_16_Dominic_Pitelli_home
ARZ,mlb,2026,2026_01_07_09_29_19,Batting,2026_01_07_10_10_41_Chicago_Cubs_4_Pete_Crow-Armstrong_Home,2026_01_07_10_10_41,Chicago_Cubs_4_Pete_Crow-Armstrong_Home,600,Data/ARZ/2026/2026_01_07_09_29_19/Batting/2026_01_07_10_10_41_Chicago_Cubs_4_Pete_Crow-Armstrong_Home
RAL,mlb,2026,2026_01_07_00_00_00,Batting,2026_01_07_10_20_14_AZ_Performance_Center_0_Casey_Cook_Home,2026_01_07_10_20_14,AZ_Performance_Center_0_Casey_Cook_Home,300,Data/RAL/2026/2026_01_07_00_00_00/Batting/2026_01_07_10_20_14_AZ_Performance_Center_0_Casey_Cook_Home
RAL,mlb,2026,2026_01_07_00_00_00,Batting,2026_01_07_10_20_55_AZ_Performance_Center_0_Dylan_Dreiling_Home,2026_01_07_10_20_55,AZ_Performance_Center_0_Dylan_Dreiling_Home,300,Data/RAL/2026/2026_01_07_00_00_00/Batting/2026_01_07_10_20_55_AZ_Performance_Center_0_Dylan_Dreiling_Home
RAL,mlb,2026,2026_01_07_00_00_00,Batting,2026_01_07_10_21_52_AZ_Performance_Center_0_Dylan_Dreiling_Home,2026_01_07_10_21_52,AZ_Performance_Center_0_Dylan_Dreiling_Home,300,Data/RAL/2026/2026_01_07_00_00_00/Batting/2026_01_07_10_21_52_AZ_Performance_Center_0_Dylan_Dreiling_Home
RAL,mlb,2026,2026_01_07_00_00_00,Batting,2026_01_07_10_23_20_AZ_Performance_Center_0_Dylan_Dreiling_Home,2026_01_07_10_23_20,AZ_Performance_Center_0_Dylan_Dreiling_Home,300,Data/RAL/2026/2026_01_07_00_00_00/Batting/2026_01_07_10_23_20_AZ_Performance_Center_0_Dylan_Dreiling_Home
ARZ,mlb,2026,2026_01_07_09_29_19,Batting,2026_01_07_10_36_15_Chicago_Cubs_2_Nico_Hoerner_Home,2026_01_07_10_36_15,Chicago_Cubs_2_Nico_Hoerner_Home,600,Data/ARZ/2026/2026_01_07_09_29_19/Batting/2026_01_07_10_36_15_Chicago_Cubs_2_Nico_Hoerner_Home
CGL,collegiate,2026,2026_01_07_08_16_07,Batting,2026_01_07_11_52_58_MiLB_Spring_Training_6_Kyle_Henley_home,2026_01_07_11_52_58,MiLB_Spring_Training_6_Kyle_Henley_home,300,Data/CGL/2026/2026_01_07_08_16_07/Batting/2026_01_07_11_52_58_MiLB_Spring_Training_6_Kyle_Henley_home
CGL,collegiate,2026,2026_01_07_08_16_07,Batting,2026_01_07_11_55_32_MiLB_Spring_Training_15_Carlos_Sanchez_home,2026_01_07_11_55_32,MiLB_Spring_Training_15_Carlos_Sanchez_home,300,Data/CGL/2026/2026_01_07_08_16_07/Batting/2026_01_07_11_55_32_MiLB_Spring_Training_15_Carlos_Sanchez_home
CGL,collegiate,2026,2026_01_07_08_16_07,Batting,2026_01_07_12_03_14_MiLB_Spring_Training_6_Alfredo_Duno_home,2026_01_07_12_03_14,MiLB_Spring_Training_6_Alfredo_Duno_home,300,Data/CGL/2026/2026_01_07_08_16_07/Batting/2026_01_07_12_03_14_MiLB_Spring_Training_6_Alfredo_Duno_home
RAL,mlb,2026,2026_01_08_09_56_52,Batting,2026_01_08_10_30_41_AZ_Performance_Center_0_Paulino_Santana_Home,2026_01_08_10_30_41,AZ_Performance_Center_0_Paulino_Santana_Home,300,Data/RAL/2026/2026_01_08_09_56_52/Batting/2026_01_08_10_30_41_AZ_Performance_Center_0_Paulino_Santana_Home
RAL,mlb,2026,2026_01_08_09_56_52,Batting,2026_01_08_11_25_20_AZ_Performance_Center_0_Noah_Franklin_Home,2026_01_08_11_25_20,AZ_Performance_Center_0_Noah_Franklin_Home,300,Data/RAL/2026/2026_01_08_09_56_52/Batting/2026_01_08_11_25_20_AZ_Performance_Center_0_Noah_Franklin_Home
RAL,mlb,2026,2026_01_08_09_56_52,Batting,2026_01_08_11_30_29_AZ_Performance_Center_0_Yeremi_Cabrera_Home,2026_01_08_11_30_29,AZ_Performance_Center_0_Yeremi_Cabrera_Home,300,Data/RAL/2026/2026_01_08_09_56_52/Batting/2026_01_08_11_30_29_AZ_Performance_Center_0_Yeremi_Cabrera_Home
RAL,mlb,2026,2026_01_08_09_56_52,Batting,2026_01_08_11_34_02_AZ_Performance_Center_0_Jack_Wheeler_Home,2026_01_08_11_34_02,AZ_Performance_Center_0_Jack_Wheeler_Home,300,Data/RAL/2026/2026_01_08_09_56_52/Batting/2026_01_08_11_34_02_AZ_Performance_Center_0_Jack_Wheeler_Home
AUB,collegiate,2026,2026_01_19_13_23_29,Batting,2026_01_19_13_37_07_Auburn_Tigers_Fall_2025_11_Brandon_McCraine_Home,2026_01_19_13_37_07,Auburn_Tigers_Fall_2025_11_Brandon_McCraine_Home,300,Data/AUB/2026/2026_01_19_13_23_29/Batting/2026_01_19_13_37_07_Auburn_Tigers_Fall_2025_11_Brandon_McCraine_Home
AUB,collegiate,2026,2026_01_19_13_23_29,Batting,2026_01_19_13_44_58_Auburn_Fall_2025_2.0_19_Bub_Terrell_Away,2026_01_19_13_44_58,Auburn_Fall_2025_2.0_19_Bub_Terrell_Away,300,Data/AUB/2026/2026_01_19_13_23_29/Batting/2026_01_19_13_44_58_Auburn_Fall_2025_2.0_19_Bub_Terrell_Away
AUB,collegiate,2026,2026_01_19_13_23_29,Batting,2026_01_19_13_58_35_Auburn_Fall_2025_2.0_14_Cade_Belyeu_Away,2026_01_19_13_58_35,Auburn_Fall_2025_2.0_14_Cade_Belyeu_Away,300,Data/AUB/2026/2026_01_19_13_23_29/Batting/2026_01_19_13_58_35_Auburn_Fall_2025_2.0_14_Cade_Belyeu_Away
AUB,collegiate,2026,2026_01_19_13_23_29,Batting,2026_01_19_14_31_55_Auburn_Tigers_Fall_2025_52_Tanner_Waldrop_Home,2026_01_19_14_31_55,Auburn_Tigers_Fall_2025_52_Tanner_Waldrop_Home,300,Data/AUB/2026/2026_01_19_13_23_29/Batting/2026_01_19_14_31_55_Auburn_Tigers_Fall_2025_52_Tanner_Waldrop_Home
CGL,collegiate,2026,2026_01_23_09_32_09,Batting,2026_01_23_11_23_47_MiLB_Spring_Training_0_Michael_Trautwein_home,2026_01_23_11_23_47,MiLB_Spring_Training_0_Michael_Trautwein_home,300,Data/CGL/2026/2026_01_23_09_32_09/Batting/2026_01_23_11_23_47_MiLB_Spring_Training_0_Michael_Trautwein_home
CGL,collegiate,2026,2026_01_23_09_32_09,Batting,2026_01_23_11_23_54_MiLB_Spring_Training_0_Michael_Trautwein_home,2026_01_23_11_23_54,MiLB_Spring_Training_0_Michael_Trautwein_home,300,Data/CGL/2026/2026_01_23_09_32_09/Batting/2026_01_23_11_23_54_MiLB_Spring_Training_0_Michael_Trautwein_home
CGL,collegiate,2026,2026_01_23_09_32_09,Batting,2026_01_23_11_26_43_MiLB_Spring_Training_0_Michael_Trautwein_home,2026_01_23_11_26_43,MiLB_Spring_Training_0_Michael_Trautwein_home,300,Data/CGL/2026/2026_01_23_09_32_09/Batting/2026_01_23_11_26_43_MiLB_Spring_Training_0_Michael_Trautwein_home
CGL,collegiate,2026,2026_01_23_09_32_09,Batting,2026_01_23_11_27_24_MiLB_Spring_Training_0_Michael_Trautwein_home,2026_01_23_11_27_24,MiLB_Spring_Training_0_Michael_Trautwein_home,300,Data/CGL/2026/2026_01_23_09_32_09/Batting/2026_01_23_11_27_24_MiLB_Spring_Training_0_Michael_Trautwein_home
PIT,mlb,2027,2024_03_17_15_18_08,Batting,2024_03_17_16_05_59_Arizona_State_Sun_Devils_12_Harris_Williams_Away,2024_03_17_16_05_59,Arizona_State_Sun_Devils_12_Harris_Williams_Away,300,Data/PIT/2027/2024_03_17_15_18_08/Batting/2024_03_17_16_05_59_Arizona_State_Sun_Devils_12_Harris_Williams_Away
PIT,mlb,2027,2024_03_17_15_18_08,Batting,2024_03_17_16_06_12_Arizona_State_Sun_Devils_12_Harris_Williams_Away,2024_03_17_16_06_12,Arizona_State_Sun_Devils_12_Harris_Williams_Away,300,Data/PIT/2027/2024_03_17_15_18_08/Batting/2024_03_17_16_06_12_Arizona_State_Sun_Devils_12_Harris_Williams_Away
PIT,mlb,2027,2024_03_17_15_18_08,Batting,2024_03_17_16_06_28_Arizona_State_Sun_Devils_12_Harris_Williams_Away,2024_03_17_16_06_28,Arizona_State_Sun_Devils_12_Harris_Williams_Away,300,Data/PIT/2027/2024_03_17_15_18_08/Batting/2024_03_17_16_06_28_Arizona_State_Sun_Devils_12_Harris_Williams_Away
PIT,mlb,2027,2024_03_17_15_18_08,Batting,2024_03_17_16_06_42_Arizona_State_Sun_Devils_12_Harris_Williams_Away,2024_03_17_16_06_42,Arizona_State_Sun_Devils_12_Harris_Williams_Away,300,Data/PIT/2027/2024_03_17_15_18_08/Batting/2024_03_17_16_06_42_Arizona_State_Sun_Devils_12_Harris_Williams_Away
PIT,mlb,2027,2024_03_17_15_18_08,Batting,2024_03_17_16_06_58_Arizona_State_Sun_Devils_12_Harris_Williams_Away,2024_03_17_16_06_58,Arizona_State_Sun_Devils_12_Harris_Williams_Away,300,Data/PIT/2027/2024_03_17_15_18_08/Batting/2024_03_17_16_06_58_Arizona_State_Sun_Devils_12_Harris_Williams_Away
PIT,mlb,2027,2024_03_17_15_18_08,Batting,2024_03_17_16_07_31_Arizona_State_Sun_Devils_12_Harris_Williams_Away,2024_03_17_16_07_31,Arizona_State_Sun_Devils_12_Harris_Williams_Away,300,Data/PIT/2027/2024_03_17_15_18_08/Batting/2024_03_17_16_07_31_Arizona_State_Sun_Devils_12_Harris_Williams_Away
PIT,mlb,2027,2024_03_17_15_18_08,Batting,2024_03_17_16_07_49_Arizona_State_Sun_Devils_12_Harris_Williams_Away,2024_03_17_16_07_49,Arizona_State_Sun_Devils_12_Harris_Williams_Away,300,Data/PIT/2027/2024_03_17_15_18_08/Batting/2024_03_17_16_07_49_Arizona_State_Sun_Devils_12_Harris_Williams_Away
PIT,mlb,2027,2024_03_17_15_18_08,Batting,2024_03_17_16_08_26_Arizona_State_Sun_Devils_17_Ryan_Campos_Away,2024_03_17_16_08_26,Arizona_State_Sun_Devils_17_Ryan_Campos_Away,300,Data/PIT/2027/2024_03_17_15_18_08/Batting/2024_03_17_16_08_26_Arizona_State_Sun_Devils_17_Ryan_Campos_Away
PIT,mlb,2027,2024_03_17_15_18_08,Batting,2024_03_17_16_08_40_Arizona_State_Sun_Devils_17_Ryan_Campos_Away,2024_03_17_16_08_40,Arizona_State_Sun_Devils_17_Ryan_Campos_Away,300,Data/PIT/2027/2024_03_17_15_18_08/Batting/2024_03_17_16_08_40_Arizona_State_Sun_Devils_17_Ryan_Campos_Away
PIT,mlb,2027,2024_03_17_15_18_08,Batting,2024_03_17_16_08_53_Arizona_State_Sun_Devils_17_Ryan_Campos_Away,2024_03_17_16_08_53,Arizona_State_Sun_Devils_17_Ryan_Campos_Away,300,Data/PIT/2027/2024_03_17_15_18_08/Batting/2024_03_17_16_08_53_Arizona_State_Sun_Devils_17_Ryan_Campos_Away
PIT,mlb,2027,2024_03_17_15_18_08,Batting,2024_03_17_16_09_15_Arizona_State_Sun_Devils_17_Ryan_Campos_Away,2024_03_17_16_09_15,Arizona_State_Sun_Devils_17_Ryan_Campos_Away,300,Data/PIT/2027/2024_03_17_15_18_08/Batting/2024_03_17_16_09_15_Arizona_State_Sun_Devils_17_Ryan_Campos_Away
PIT,mlb,2027,2024_03_17_15_18_08,Batting,2024_03_17_16_09_32_Arizona_State_Sun_Devils_17_Ryan_Campos_Away,2024_03_17_16_09_32,Arizona_State_Sun_Devils_17_Ryan_Campos_Away,300,Data/PIT/2027/2024_03_17_15_18_08/Batting/2024_03_17_16_09_32_Arizona_State_Sun_Devils_17_Ryan_Campos_Away
PIT,mlb,2027,2024_03_17_15_18_08,Batting,2024_03_17_16_09_49_Arizona_State_Sun_Devils_17_Ryan_Campos_Away,2024_03_17_16_09_49,Arizona_State_Sun_Devils_17_Ryan_Campos_Away,300,Data/PIT/2027/2024_03_17_15_18_08/Batting/2024_03_17_16_09_49_Arizona_State_Sun_Devils_17_Ryan_Campos_Away
PIT,mlb,2027,2024_03_17_15_18_08,Batting,2024_03_17_16_10_21_Arizona_State_Sun_Devils_3_Nick_McLain_Away,2024_03_17_16_10_21,Arizona_State_Sun_Devils_3_Nick_McLain_Away,300,Data/PIT/2027/2024_03_17_15_18_08/Batting/2024_03_17_16_10_21_Arizona_State_Sun_Devils_3_Nick_McLain_Away
PIT,mlb,2027,2024_03_17_15_18_08,Batting,2024_03_17_16_10_35_Arizona_State_Sun_Devils_3_Nick_McLain_Away,2024_03_17_16_10_35,Arizona_State_Sun_Devils_3_Nick_McLain_Away,300,Data/PIT/2027/2024_03_17_15_18_08/Batting/2024_03_17_16_10_35_Arizona_State_Sun_Devils_3_Nick_McLain_Away
PIT,mlb,2027,2024_03_17_15_18_08,Batting,2024_03_17_16_11_04_Arizona_State_Sun_Devils_3_Nick_McLain_Away,2024_03_17_16_11_04,Arizona_State_Sun_Devils_3_Nick_McLain_Away,300,Data/PIT/2027/2024_03_17_15_18_08/Batting/2024_03_17_16_11_04_Arizona_State_Sun_Devils_3_Nick_McLain_Away
PIT,mlb,2027,2024_03_17_15_18_08,Batting,2024_03_17_16_11_27_Arizona_State_Sun_Devils_3_Nick_McLain_Away,2024_03_17_16_11_27,Arizona_State_Sun_Devils_3_Nick_McLain_Away,300,Data/PIT/2027/2024_03_17_15_18_08/Batting/2024_03_17_16_11_27_Arizona_State_Sun_Devils_3_Nick_McLain_Away
PIT,mlb,2027,2024_03_17_15_18_08,Batting,2024_03_17_16_12_04_Arizona_State_Sun_Devils_18_Jacob_Tobias_Away,2024_03_17_16_12_04,Arizona_State_Sun_Devils_18_Jacob_Tobias_Away,300,Data/PIT/2027/2024_03_17_15_18_08/Batting/2024_03_17_16_12_04_Arizona_State_Sun_Devils_18_Jacob_Tobias_Away
PIT,mlb,2027,2024_03_17_15_18_08,Batting,2024_03_17_16_12_53_Arizona_State_Sun_Devils_2_Ethan_Mendoza_Away,2024_03_17_16_12_53,Arizona_State_Sun_Devils_2_Ethan_Mendoza_Away,300,Data/PIT/2027/2024_03_17_15_18_08/Batting/2024_03_17_16_12_53_Arizona_State_Sun_Devils_2_Ethan_Mendoza_Away
PIT,mlb,2027,2024_03_17_15_18_08,Batting,2024_03_17_16_13_17_Arizona_State_Sun_Devils_2_Ethan_Mendoza_Away,2024_03_17_16_13_17,Arizona_State_Sun_Devils_2_Ethan_Mendoza_Away,300,Data/PIT/2027/2024_03_17_15_18_08/Batting/2024_03_17_16_13_17_Arizona_State_Sun_Devils_2_Ethan_Mendoza_Away
PIT,mlb,2027,2024_03_17_15_18_08,Batting,2024_03_17_16_13_37_Arizona_State_Sun_Devils_2_Ethan_Mendoza_Away,2024_03_17_16_13_37,Arizona_State_Sun_Devils_2_Ethan_Mendoza_Away,300,Data/PIT/2027/2024_03_17_15_18_08/Batting/2024_03_17_16_13_37_Arizona_State_Sun_Devils_2_Ethan_Mendoza_Away
PIT,mlb,2027,2024_03_17_15_18_08,Batting,2024_03_17_16_14_02_Arizona_State_Sun_Devils_2_Ethan_Mendoza_Away,2024_03_17_16_14_02,Arizona_State_Sun_Devils_2_Ethan_Mendoza_Away,300,Data/PIT/2027/2024_03_17_15_18_08/Batting/2024_03_17_16_14_02_Arizona_State_Sun_Devils_2_Ethan_Mendoza_Away
PIT,mlb,2027,2024_03_17_15_18_08,Batting,2024_03_17_16_14_26_Arizona_State_Sun_Devils_2_Ethan_Mendoza_Away,2024_03_17_16_14_26,Arizona_State_Sun_Devils_2_Ethan_Mendoza_Away,300,Data/PIT/2027/2024_03_17_15_18_08/Batting/2024_03_17_16_14_26_Arizona_State_Sun_Devils_2_Ethan_Mendoza_Away
PIT,mlb,2027,2024_03_17_15_18_08,Batting,2024_03_17_16_17_24_University_of_Arizona_4_Brendan_Summerhill_Home,2024_03_17_16_17_24,University_of_Arizona_4_Brendan_Summerhill_Home,300,Data/PIT/2027/2024_03_17_15_18_08/Batting/2024_03_17_16_17_24_University_of_Arizona_4_Brendan_Summerhill_Home
PIT,mlb,2027,2024_03_17_15_18_08,Batting,2024_03_17_16_17_36_University_of_Arizona_4_Brendan_Summerhill_Home,2024_03_17_16_17_36,University_of_Arizona_4_Brendan_Summerhill_Home,300,Data/PIT/2027/2024_03_17_15_18_08/Batting/2024_03_17_16_17_36_University_of_Arizona_4_Brendan_Summerhill_Home
PIT,mlb,2027,2024_03_17_15_18_08,Batting,2024_03_17_16_17_46_University_of_Arizona_4_Brendan_Summerhill_Home,2024_03_17_16_17_46,University_of_Arizona_4_Brendan_Summerhill_Home,300,Data/PIT/2027/2024_03_17_15_18_08/Batting/2024_03_17_16_17_46_University_of_Arizona_4_Brendan_Summerhill_Home
PIT,mlb,2027,2024_03_17_15_18_08,Batting,2024_03_17_16_17_57_University_of_Arizona_4_Brendan_Summerhill_Home,2024_03_17_16_17_57,University_of_Arizona_4_Brendan_Summerhill_Home,300,Data/PIT/2027/2024_03_17_15_18_08/Batting/2024_03_17_16_17_57_University_of_Arizona_4_Brendan_Summerhill_Home
PIT,mlb,2027,2024_03_17_15_18_08,Batting,2024_03_17_16_18_40_University_of_Arizona_1_Garen_Caulfield_Home,2024_03_17_16_18_40,University_of_Arizona_1_Garen_Caulfield_Home,300,Data/PIT/2027/2024_03_17_15_18_08/Batting/2024_03_17_16_18_40_University_of_Arizona_1_Garen_Caulfield_Home
PIT,mlb,2027,2024_03_17_15_18_08,Batting,2024_03_17_16_18_51_University_of_Arizona_1_Garen_Caulfield_Home,2024_03_17_16_18_51,University_of_Arizona_1_Garen_Caulfield_Home,300,Data/PIT/2027/2024_03_17_15_18_08/Batting/2024_03_17_16_18_51_University_of_Arizona_1_Garen_Caulfield_Home
PIT,mlb,2027,2024_03_17_15_18_08,Batting,2024_03_17_16_19_05_University_of_Arizona_1_Garen_Caulfield_Home,2024_03_17_16_19_05,University_of_Arizona_1_Garen_Caulfield_Home,300,Data/PIT/2027/2024_03_17_15_18_08/Batting/2024_03_17_16_19_05_University_of_Arizona_1_Garen_Caulfield_Home
PIT,mlb,2027,2024_03_17_15_18_08,Batting,2024_03_17_16_19_39_University_of_Arizona_24_Mason_White_Home,2024_03_17_16_19_39,University_of_Arizona_24_Mason_White_Home,300,Data/PIT/2027/2024_03_17_15_18_08/Batting/2024_03_17_16_19_39_University_of_Arizona_24_Mason_White_Home
PIT,mlb,2027,2024_03_17_15_18_08,Batting,2024_03_17_16_19_49_University_of_Arizona_24_Mason_White_Home,2024_03_17_16_19_49,University_of_Arizona_24_Mason_White_Home,300,Data/PIT/2027/2024_03_17_15_18_08/Batting/2024_03_17_16_19_49_University_of_Arizona_24_Mason_White_Home
PIT,mlb,2027,2024_03_17_15_18_08,Batting,2024_03_17_16_20_01_University_of_Arizona_24_Mason_White_Home,2024_03_17_16_20_01,University_of_Arizona_24_Mason_White_Home,300,Data/PIT/2027/2024_03_17_15_18_08/Batting/2024_03_17_16_20_01_University_of_Arizona_24_Mason_White_Home
PIT,mlb,2027,2024_03_17_15_18_08,Batting,2024_03_17_16_20_13_University_of_Arizona_24_Mason_White_Home,2024_03_17_16_20_13,University_of_Arizona_24_Mason_White_Home,300,Data/PIT/2027/2024_03_17_15_18_08/Batting/2024_03_17_16_20_13_University_of_Arizona_24_Mason_White_Home
PIT,mlb,2027,2024_03_17_15_18_08,Batting,2024_03_17_16_20_33_University_of_Arizona_24_Mason_White_Home,2024_03_17_16_20_33,University_of_Arizona_24_Mason_White_Home,300,Data/PIT/2027/2024_03_17_15_18_08/Batting/2024_03_17_16_20_33_University_of_Arizona_24_Mason_White_Home
PIT,mlb,2027,2024_03_17_15_18_08,Batting,2024_03_17_16_20_50_University_of_Arizona_24_Mason_White_Home,2024_03_17_16_20_50,University_of_Arizona_24_Mason_White_Home,300,Data/PIT/2027/2024_03_17_15_18_08/Batting/2024_03_17_16_20_50_University_of_Arizona_24_Mason_White_Home
PIT,mlb,2027,2024_03_17_15_18_08,Batting,2024_03_17_16_22_48_Arizona_State_Sun_Devils_27_Brandon_Compton_Away,2024_03_17_16_22_48,Arizona_State_Sun_Devils_27_Brandon_Compton_Away,300,Data/PIT/2027/2024_03_17_15_18_08/Batting/2024_03_17_16_22_48_Arizona_State_Sun_Devils_27_Brandon_Compton_Away
PIT,mlb,2027,2024_03_17_15_18_08,Batting,2024_03_17_16_23_01_Arizona_State_Sun_Devils_27_Brandon_Compton_Away,2024_03_17_16_23_01,Arizona_State_Sun_Devils_27_Brandon_Compton_Away,300,Data/PIT/2027/2024_03_17_15_18_08/Batting/2024_03_17_16_23_01_Arizona_State_Sun_Devils_27_Brandon_Compton_Away
PIT,mlb,2027,2024_03_17_15_18_08,Batting,2024_03_17_16_23_15_Arizona_State_Sun_Devils_27_Brandon_Compton_Away,2024_03_17_16_23_15,Arizona_State_Sun_Devils_27_Brandon_Compton_Away,300,Data/PIT/2027/2024_03_17_15_18_08/Batting/2024_03_17_16_23_15_Arizona_State_Sun_Devils_27_Brandon_Compton_Away
PIT,mlb,2027,2024_03_17_15_18_08,Batting,2024_03_17_16_23_29_Arizona_State_Sun_Devils_27_Brandon_Compton_Away,2024_03_17_16_23_29,Arizona_State_Sun_Devils_27_Brandon_Compton_Away,300,Data/PIT/2027/2024_03_17_15_18_08/Batting/2024_03_17_16_23_29_Arizona_State_Sun_Devils_27_Brandon_Compton_Away
PIT,mlb,2027,2024_03_17_15_18_08,Batting,2024_03_17_16_23_43_Arizona_State_Sun_Devils_27_Brandon_Compton_Away,2024_03_17_16_23_43,Arizona_State_Sun_Devils_27_Brandon_Compton_Away,300,Data/PIT/2027/2024_03_17_15_18_08/Batting/2024_03_17_16_23_43_Arizona_State_Sun_Devils_27_Brandon_Compton_Away
PIT,mlb,2027,2024_03_17_15_18_08,Batting,2024_03_17_16_24_00_Arizona_State_Sun_Devils_27_Brandon_Compton_Away,2024_03_17_16_24_00,Arizona_State_Sun_Devils_27_Brandon_Compton_Away,300,Data/PIT/2027/2024_03_17_15_18_08/Batting/2024_03_17_16_24_00_Arizona_State_Sun_Devils_27_Brandon_Compton_Away
PIT,mlb,2027,2024_03_17_15_18_08,Batting,2024_03_17_16_24_30_Arizona_State_Sun_Devils_9_Kevin_Karstetter_Away,2024_03_17_16_24_30,Arizona_State_Sun_Devils_9_Kevin_Karstetter_Away,300,Data/PIT/2027/2024_03_17_15_18_08/Batting/2024_03_17_16_24_30_Arizona_State_Sun_Devils_9_Kevin_Karstetter_Away
PIT,mlb,2027,2024_03_17_15_18_08,Batting,2024_03_17_16_25_01_Arizona_State_Sun_Devils_11_Kien_Vu_Away,2024_03_17_16_25_01,Arizona_State_Sun_Devils_11_Kien_Vu_Away,300,Data/PIT/2027/2024_03_17_15_18_08/Batting/2024_03_17_16_25_01_Arizona_State_Sun_Devils_11_Kien_Vu_Away
PIT,mlb,2027,2024_03_17_15_18_08,Batting,2024_03_17_16_25_17_Arizona_State_Sun_Devils_11_Kien_Vu_Away,2024_03_17_16_25_17,Arizona_State_Sun_Devils_11_Kien_Vu_Away,300,Data/PIT/2027/2024_03_17_15_18_08/Batting/2024_03_17_16_25_17_Arizona_State_Sun_Devils_11_Kien_Vu_Away
PIT,mlb,2027,2024_03_17_15_18_08,Batting,2024_03_17_16_25_31_Arizona_State_Sun_Devils_11_Kien_Vu_Away,2024_03_17_16_25_31,Arizona_State_Sun_Devils_11_Kien_Vu_Away,300,Data/PIT/2027/2024_03_17_15_18_08/Batting/2024_03_17_16_25_31_Arizona_State_Sun_Devils_11_Kien_Vu_Away
PIT,mlb,2027,2024_03_17_15_18_08,Batting,2024_03_17_16_25_47_Arizona_State_Sun_Devils_11_Kien_Vu_Away,2024_03_17_16_25_47,Arizona_State_Sun_Devils_11_Kien_Vu_Away,300,Data/PIT/2027/2024_03_17_15_18_08/Batting/2024_03_17_16_25_47_Arizona_State_Sun_Devils_11_Kien_Vu_Away
PIT,mlb,2027,2024_03_17_15_18_08,Batting,2024_03_17_16_26_29_Arizona_State_Sun_Devils_8_Steven_Ondina_Away,2024_03_17_16_26_29,Arizona_State_Sun_Devils_8_Steven_Ondina_Away,300,Data/PIT/2027/2024_03_17_15_18_08/Batting/2024_03_17_16_26_29_Arizona_State_Sun_Devils_8_Steven_Ondina_Away
PIT,mlb,2027,2024_03_17_15_18_08,Batting,2024_03_17_16_26_55_Arizona_State_Sun_Devils_8_Steven_Ondina_Away,2024_03_17_16_26_55,Arizona_State_Sun_Devils_8_Steven_Ondina_Away,300,Data/PIT/2027/2024_03_17_15_18_08/Batting/2024_03_17_16_26_55_Arizona_State_Sun_Devils_8_Steven_Ondina_Away
PIT,mlb,2027,2024_03_17_15_18_08,Batting,2024_03_17_16_27_14_Arizona_State_Sun_Devils_8_Steven_Ondina_Away,2024_03_17_16_27_14,Arizona_State_Sun_Devils_8_Steven_Ondina_Away,300,Data/PIT/2027/2024_03_17_15_18_08/Batting/2024_03_17_16_27_14_Arizona_State_Sun_Devils_8_Steven_Ondina_Away
CGL,collegiate,2026,2026_01_07_08_16_07,Batting,2026_01_07_10_09_42_MiLB_Spring_Training_16_Dominic_Pitelli_home,2026_01_07_10_09_42,MiLB_Spring_Training_16_Dominic_Pitelli_home,300,Data/CGL/2026/2026_01_07_08_16_07/Batting/2026_01_07_10_09_42_MiLB_Spring_Training_16_Dominic_Pitelli_home
CGL,collegiate,2026,2026_01_07_08_16_07,Batting,2026_01_07_10_09_50_MiLB_Spring_Training_16_Dominic_Pitelli_home,2026_01_07_10_09_50,MiLB_Spring_Training_16_Dominic_Pitelli_home,300,Data/CGL/2026/2026_01_07_08_16_07/Batting/2026_01_07_10_09_50_MiLB_Spring_Training_16_Dominic_Pitelli_home
CGL,collegiate,2026,2026_01_07_08_16_07,Batting,2026_01_07_10_09_58_MiLB_Spring_Training_16_Dominic_Pitelli_home,2026_01_07_10_09_58,MiLB_Spring_Training_16_Dominic_Pitelli_home,300,Data/CGL/2026/2026_01_07_08_16_07/Batting/2026_01_07_10_09_58_MiLB_Spring_Training_16_Dominic_Pitelli_home
CGL,collegiate,2026,2026_01_07_08_16_07,Batting,2026_01_07_10_10_06_MiLB_Spring_Training_16_Dominic_Pitelli_home,2026_01_07_10_10_06,MiLB_Spring_Training_16_Dominic_Pitelli_home,300,Data/CGL/2026/2026_01_07_08_16_07/Batting/2026_01_07_10_10_06_MiLB_Spring_Training_16_Dominic_Pitelli_home
CGL,collegiate,2026,2026_01_07_08_16_07,Batting,2026_01_07_10_10_16_MiLB_Spring_Training_16_Dominic_Pitelli_home,2026_01_07_10_10_16,MiLB_Spring_Training_16_Dominic_Pitelli_home,300,Data/CGL/2026/2026_01_07_08_16_07/Batting/2026_01_07_10_10_16_MiLB_Spring_Training_16_Dominic_Pitelli_home
CGL,collegiate,2026,2026_01_07_08_16_07,Batting,2026_01_07_10_10_32_MiLB_Spring_Training_16_Dominic_Pitelli_home,2026_01_07_10_10_32,MiLB_Spring_Training_16_Dominic_Pitelli_home,300,Data/CGL/2026/2026_01_07_08_16_07/Batting/2026_01_07_10_10_32_MiLB_Spring_Training_16_Dominic_Pitelli_home
CGL,collegiate,2026,2026_01_07_08_16_07,Batting,2026_01_07_10_10_53_MiLB_Spring_Training_16_Dominic_Pitelli_home,2026_01_07_10_10_53,MiLB_Spring_Training_16_Dominic_Pitelli_home,300,Data/CGL/2026/2026_01_07_08_16_07/Batting/2026_01_07_10_10_53_MiLB_Spring_Training_16_Dominic_Pitelli_home
CGL,collegiate,2026,2026_01_07_08_16_07,Batting,2026_01_07_10_10_59_MiLB_Spring_Training_16_Dominic_Pitelli_home,2026_01_07_10_10_59,MiLB_Spring_Training_16_Dominic_Pitelli_home,300,Data/CGL/2026/2026_01_07_08_16_07/Batting/2026_01_07_10_10_59_MiLB_Spring_Training_16_Dominic_Pitelli_home
CGL,collegiate,2026,2026_01_07_08_16_07,Batting,2026_01_07_10_11_06_MiLB_Spring_Training_16_Dominic_Pitelli_home,2026_01_07_10_11_06,MiLB_Spring_Training_16_Dominic_Pitelli_home,300,Data/CGL/2026/2026_01_07_08_16_07/Batting/2026_01_07_10_11_06_MiLB_Spring_Training_16_Dominic_Pitelli_home
CGL,collegiate,2026,2026_01_07_08_16_07,Batting,2026_01_07_10_11_14_MiLB_Spring_Training_16_Dominic_Pitelli_home,2026_01_07_10_11_14,MiLB_Spring_Training_16_Dominic_Pitelli_home,300,Data/CGL/2026/2026_01_07_08_16_07/Batting/2026_01_07_10_11_14_MiLB_Spring_Training_16_Dominic_Pitelli_home
CGL,collegiate,2026,2026_01_07_08_16_07,Batting,2026_01_07_10_11_22_MiLB_Spring_Training_16_Dominic_Pitelli_home,2026_01_07_10_11_22,MiLB_Spring_Training_16_Dominic_Pitelli_home,300,Data/CGL/2026/2026_01_07_08_16_07/Batting/2026_01_07_10_11_22_MiLB_Spring_Training_16_Dominic_Pitelli_home
CGL,collegiate,2026,2026_01_07_08_16_07,Batting,2026_01_07_10_11_29_MiLB_Spring_Training_16_Dominic_Pitelli_home,2026_01_07_10_11_29,MiLB_Spring_Training_16_Dominic_Pitelli_home,300,Data/CGL/2026/2026_01_07_08_16_07/Batting/2026_01_07_10_11_29_MiLB_Spring_Training_16_Dominic_Pitelli_home
CGL,collegiate,2026,2026_01_07_08_16_07,Batting,2026_01_07_10_12_48_MiLB_Spring_Training_4_Cam_Collier_home,2026_01_07_10_12_48,MiLB_Spring_Training_4_Cam_Collier_home,300,Data/CGL/2026/2026_01_07_08_16_07/Batting/2026_01_07_10_12_48_MiLB_Spring_Training_4_Cam_Collier_home
CGL,collegiate,2026,2026_01_07_08_16_07,Batting,2026_01_07_10_12_55_MiLB_Spring_Training_4_Cam_Collier_home,2026_01_07_10_12_55,MiLB_Spring_Training_4_Cam_Collier_home,300,Data/CGL/2026/2026_01_07_08_16_07/Batting/2026_01_07_10_12_55_MiLB_Spring_Training_4_Cam_Collier_home
CGL,collegiate,2026,2026_01_07_08_16_07,Batting,2026_01_07_10_13_03_MiLB_Spring_Training_4_Cam_Collier_home,2026_01_07_10_13_03,MiLB_Spring_Training_4_Cam_Collier_home,300,Data/CGL/2026/2026_01_07_08_16_07/Batting/2026_01_07_10_13_03_MiLB_Spring_Training_4_Cam_Collier_home
CGL,collegiate,2026,2026_01_07_08_16_07,Batting,2026_01_07_10_13_12_MiLB_Spring_Training_4_Cam_Collier_home,2026_01_07_10_13_12,MiLB_Spring_Training_4_Cam_Collier_home,300,Data/CGL/2026/2026_01_07_08_16_07/Batting/2026_01_07_10_13_12_MiLB_Spring_Training_4_Cam_Collier_home
CGL,collegiate,2026,2026_01_07_08_16_07,Batting,2026_01_07_10_13_20_MiLB_Spring_Training_4_Cam_Collier_home,2026_01_07_10_13_20,MiLB_Spring_Training_4_Cam_Collier_home,300,Data/CGL/2026/2026_01_07_08_16_07/Batting/2026_01_07_10_13_20_MiLB_Spring_Training_4_Cam_Collier_home
CGL,collegiate,2026,2026_01_07_08_16_07,Batting,2026_01_07_10_13_29_MiLB_Spring_Training_4_Cam_Collier_home,2026_01_07_10_13_29,MiLB_Spring_Training_4_Cam_Collier_home,300,Data/CGL/2026/2026_01_07_08_16_07/Batting/2026_01_07_10_13_29_MiLB_Spring_Training_4_Cam_Collier_home
CGL,collegiate,2026,2026_01_07_08_16_07,Batting,2026_01_07_10_14_03_MiLB_Spring_Training_4_Cam_Collier_home,2026_01_07_10_14_03,MiLB_Spring_Training_4_Cam_Collier_home,300,Data/CGL/2026/2026_01_07_08_16_07/Batting/2026_01_07_10_14_03_MiLB_Spring_Training_4_Cam_Collier_home
CGL,collegiate,2026,2026_01_07_08_16_07,Batting,2026_01_07_10_14_10_MiLB_Spring_Training_4_Cam_Collier_home,2026_01_07_10_14_10,MiLB_Spring_Training_4_Cam_Collier_home,300,Data/CGL/2026/2026_01_07_08_16_07/Batting/2026_01_07_10_14_10_MiLB_Spring_Training_4_Cam_Collier_home
CGL,collegiate,2026,2026_01_07_08_16_07,Batting,2026_01_07_10_14_22_MiLB_Spring_Training_4_Cam_Collier_home,2026_01_07_10_14_22,MiLB_Spring_Training_4_Cam_Collier_home,300,Data/CGL/2026/2026_01_07_08_16_07/Batting/2026_01_07_10_14_22_MiLB_Spring_Training_4_Cam_Collier_home
CGL,collegiate,2026,2026_01_07_08_16_07,Batting,2026_01_07_10_14_32_MiLB_Spring_Training_4_Cam_Collier_home,2026_01_07_10_14_32,MiLB_Spring_Training_4_Cam_Collier_home,300,Data/CGL/2026/2026_01_07_08_16_07/Batting/2026_01_07_10_14_32_MiLB_Spring_Training_4_Cam_Collier_home
CGL,collegiate,2026,2026_01_07_08_16_07,Batting,2026_01_07_10_14_41_MiLB_Spring_Training_4_Cam_Collier_home,2026_01_07_10_14_41,MiLB_Spring_Training_4_Cam_Collier_home,300,Data/CGL/2026/2026_01_07_08_16_07/Batting/2026_01_07_10_14_41_MiLB_Spring_Training_4_Cam_Collier_home
CGL,collegiate,2026,2026_01_07_08_16_07,Batting,2026_01_07_10_14_51_MiLB_Spring_Training_4_Cam_Collier_home,2026_01_07_10_14_51,MiLB_Spring_Training_4_Cam_Collier_home,300,Data/CGL/2026/2026_01_07_08_16_07/Batting/2026_01_07_10_14_51_MiLB_Spring_Training_4_Cam_Collier_home
CGL,collegiate,2026,2026_01_07_08_16_07,Batting,2026_01_07_11_51_29_MiLB_Spring_Training_6_Kyle_Henley_home,2026_01_07_11_51_29,MiLB_Spring_Training_6_Kyle_Henley_home,300,Data/CGL/2026/2026_01_07_08_16_07/Batting/2026_01_07_11_51_29_MiLB_Spring_Training_6_Kyle_Henley_home
CGL,collegiate,2026,2026_01_07_08_16_07,Batting,2026_01_07_11_51_39_MiLB_Spring_Training_6_Kyle_Henley_home,2026_01_07_11_51_39,MiLB_Spring_Training_6_Kyle_Henley_home,300,Data/CGL/2026/2026_01_07_08_16_07/Batting/2026_01_07_11_51_39_MiLB_Spring_Training_6_Kyle_Henley_home
CGL,collegiate,2026,2026_01_07_08_16_07,Batting,2026_01_07_11_51_46_MiLB_Spring_Training_6_Kyle_Henley_home,2026_01_07_11_51_46,MiLB_Spring_Training_6_Kyle_Henley_home,300,Data/CGL/2026/2026_01_07_08_16_07/Batting/2026_01_07_11_51_46_MiLB_Spring_Training_6_Kyle_Henley_home
CGL,collegiate,2026,2026_01_07_08_16_07,Batting,2026_01_07_11_51_55_MiLB_Spring_Training_6_Kyle_Henley_home,2026_01_07_11_51_55,MiLB_Spring_Training_6_Kyle_Henley_home,300,Data/CGL/2026/2026_01_07_08_16_07/Batting/2026_01_07_11_51_55_MiLB_Spring_Training_6_Kyle_Henley_home
CGL,collegiate,2026,2026_01_07_08_16_07,Batting,2026_01_07_11_52_03_MiLB_Spring_Training_6_Kyle_Henley_home,2026_01_07_11_52_03,MiLB_Spring_Training_6_Kyle_Henley_home,300,Data/CGL/2026/2026_01_07_08_16_07/Batting/2026_01_07_11_52_03_MiLB_Spring_Training_6_Kyle_Henley_home
CGL,collegiate,2026,2026_01_07_08_16_07,Batting,2026_01_07_11_52_11_MiLB_Spring_Training_6_Kyle_Henley_home,2026_01_07_11_52_11,MiLB_Spring_Training_6_Kyle_Henley_home,300,Data/CGL/2026/2026_01_07_08_16_07/Batting/2026_01_07_11_52_11_MiLB_Spring_Training_6_Kyle_Henley_home
CGL,collegiate,2026,2026_01_07_08_16_07,Batting,2026_01_07_11_52_40_MiLB_Spring_Training_6_Kyle_Henley_home,2026_01_07_11_52_40,MiLB_Spring_Training_6_Kyle_Henley_home,300,Data/CGL/2026/2026_01_07_08_16_07/Batting/2026_01_07_11_52_40_MiLB_Spring_Training_6_Kyle_Henley_home
CGL,collegiate,2026,2026_01_07_08_16_07,Batting,2026_01_07_11_52_51_MiLB_Spring_Training_6_Kyle_Henley_home,2026_01_07_11_52_51,MiLB_Spring_Training_6_Kyle_Henley_home,300,Data/CGL/2026/2026_01_07_08_16_07/Batting/2026_01_07_11_52_51_MiLB_Spring_Training_6_Kyle_Henley_home
CGL,collegiate,2026,2026_01_07_08_16_07,Batting,2026_01_07_11_53_04_MiLB_Spring_Training_6_Kyle_Henley_home,2026_01_07_11_53_04,MiLB_Spring_Training_6_Kyle_Henley_home,300,Data/CGL/2026/2026_01_07_08_16_07/Batting/2026_01_07_11_53_04_MiLB_Spring_Training_6_Kyle_Henley_home
CGL,collegiate,2026,2026_01_07_08_16_07,Batting,2026_01_07_11_53_11_MiLB_Spring_Training_6_Kyle_Henley_home,2026_01_07_11_53_11,MiLB_Spring_Training_6_Kyle_Henley_home,300,Data/CGL/2026/2026_01_07_08_16_07/Batting/2026_01_07_11_53_11_MiLB_Spring_Training_6_Kyle_Henley_home
